1	AERmon	abs550aer	str-913
2	ImonGre	acabf	str-b136
2	ImonAnt	acabf	str-b159
2	IyrGre	acabf	str-b136
2	IyrAnt	acabf	str-b159
2	LImon	acabfIs	str-b107
1	E3hrPt	aerasymbnd	str-d47
1	E3hrPt	aeroptbnd	str-d47
1	E3hrPt	aerssabnd	str-d47
1	LImon	agesno	str-a014
1	Eday	agesno	str-041
1	Odec	agessc	str-157
1	Omon	agessc	str-157
1	AERmon	airmass	str-d49
1	Eday	albc	str-041
1	E3hrPt	albdiffbnd	str-d31
1	E3hrPt	albdirbnd	str-d31
1	CFday	albisccp	str-a049
1	CFmon	albisccp	str-a049
1	Eday	albsn	str-h387
1	AERmon	aoanh	str-d49
1	Eday	aod550volso4	str-913
1	Oyr	arag	str-157
2	Omon	arag	str-157
2	Omon	aragos	str-a098
1	fx	areacella	str-e001
1	IfxGre	areacellg	str-e001
1	IfxAnt	areacellg	str-e001
1	Ofx	areacello	str-e001
1	fx	areacellr	str-e001
1	Eday	ares	str-041
1	Oyr	bacc	str-157
2	Omon	bacc	str-157
2	Omon	baccos	str-a098
1	Lmon	baresoilFrac	str-h033
1	Eyr	baresoilFrac	str-h033
1	Ofx	basin	str-d66
1	Oyr	bddtalk	str-157
1	Oyr	bddtdic	str-157
1	Oyr	bddtdife	str-157
1	Oyr	bddtdin	str-157
1	Oyr	bddtdip	str-157
1	Oyr	bddtdisi	str-157
2	Oyr	bfe	str-157
3	Omon	bfe	str-157
2	Omon	bfeos	str-a098
1	Odec	bigthetao	str-157
1	Omon	bigthetao	str-157
1	Odec	bigthetaoga	str-135
1	Omon	bigthetaoga	str-135
1	AERmon	bldep	str-013
3	Esubhr	bldep	str-d11
1	6hrPlev	bldep	str-013
1	AERmonZ	bry	str-261
1	6hrLev	bs550aer	str-914
2	Oyr	bsi	str-157
3	Omon	bsi	str-157
2	Omon	bsios	str-a098
1	Lmon	burntFractionAll	str-h028
2	Emon	c13Land	str-041
2	Emon	c13Litter	str-041
2	Emon	c13Soil	str-041
2	Emon	c13Veg	str-041
2	Emon	c14Land	str-041
2	Emon	c14Litter	str-041
2	Emon	c14Soil	str-041
2	Emon	c14Veg	str-041
1	AERmon	c2h2	str-d49
1	AERmon	c2h6	str-d49
1	AERmon	c3h6	str-d49
1	AERmon	c3h8	str-d49
1	Lmon	c3PftFrac	str-h031
1	Lmon	c4PftFrac	str-h036
1	Oyr	calc	str-157
2	Omon	calc	str-157
2	Omon	calcos	str-a098
1	CFsubhr	ccb	str-d09
1	Amon	ccb	str-013
1	CFday	ccb	str-013
1	Eday	ccldncl	str-013
1	AERmon	ccn	str-013
1	CFsubhr	cct	str-d09
1	Amon	cct	str-013
1	CFday	cct	str-013
1	Lmon	cCwd	str-041
1	AERmon	cdnc	str-d49
1	Emon	cfadDbze94	str-038
1	E3hrPt	cfadDbze94	str-321
1	Emon	cfadLidarsr532	str-136
1	E3hrPt	cfadLidarsr532	str-337
2	Oyr	cfc11	str-157
1	Omon	cfc11	str-157
1	Amon	cfc113global	str-b193
1	Amon	cfc11global	str-b193
1	Oyr	cfc12	str-157
1	Omon	cfc12	str-157
1	Amon	cfc12global	str-b193
1	AERmon	ch3coch3	str-d49
1	AERmon	ch4	str-d49
1	E3hrPt	ch4	str-018
1	Amon	ch4	str-a023
1	AERmonZ	ch4	str-261
1	Amon	ch4Clim	str-a063
1	Amon	ch4global	str-b193
1	Amon	ch4globalClim	str-a449
1	AERmon	cheaqpso4	str-d49
1	AERmon	chegpso4	str-d49
1	AERmon	chepasoa	str-013
1	AERmon	chepsoa	str-013
1	Oyr	chl	str-157
1	Omon	chl	str-157
2	Oyr	chlcalc	str-157
3	Omon	chlcalc	str-157
2	Omon	chlcalcos	str-a098
2	Oyr	chldiat	str-157
3	Omon	chldiat	str-157
2	Omon	chldiatos	str-a098
2	Oyr	chldiaz	str-157
3	Omon	chldiaz	str-157
2	Omon	chldiazos	str-a098
2	Oyr	chlmisc	str-157
3	Omon	chlmisc	str-157
2	Omon	chlmiscos	str-a098
3	Oday	chlos	str-a098
1	Omon	chlos	str-a098
2	Oyr	chlpico	str-157
3	Omon	chlpico	str-157
2	Omon	chlpicoos	str-a098
1	CFsubhr	ci	str-d09
1	Amon	ci	str-013
1	CF3hr	ci	str-d11
1	CFsubhr	cl	str-227
1	Amon	cl	str-d49
1	CFday	cl	str-d49
1	Emon	cLand	str-041
1	Efx	clayfrac	str-b290
2	CF3hr	clc	str-018
1	CFmon	clc	str-d49
1	E3hrPt	clcalipso	str-318
1	CFday	clcalipso	str-078
1	CFmon	clcalipso	str-078
1	E3hrPt	clcalipso2	str-318
1	Emon	clcalipsoice	str-078
1	Emon	clcalipsoliq	str-078
2	Emon	cldicemxrat27	str-287
3	6hrPlevPt	cldicemxrat27	str-296
1	Emon	cldnci	str-013
1	Eday	cldnci	str-013
1	Emon	cldncl	str-013
1	Emon	cldnvi	str-013
1	Eday	cldnvi	str-013
2	Emon	cldwatmxrat27	str-287
3	6hrPlevPt	cldwatmxrat27	str-296
1	Lmon	cLeaf	str-041
1	E3hrPt	clhcalipso	str-922
1	CFday	clhcalipso	str-122
1	CFmon	clhcalipso	str-122
1	CFsubhr	cli	str-227
1	CFday	cli	str-d49
1	Amon	cli	str-d49
2	CF3hr	clic	str-018
2	CFmon	clic	str-d49
1	Emon	climodis	str-013
2	CFmon	clis	str-d49
2	CF3hr	clis	str-018
1	CFmon	clisccp	str-249
1	CFday	clisccp	str-249
1	E3hrPt	clisccp	str-e01
1	Lmon	cLitter	str-041
1	Eyr	cLitter	str-h041
1	Lmon	cLitterAbove	str-041
1	Lmon	cLitterBelow	str-041
2	Emon	cLitterCwd	str-041
2	Emon	cLitterGrass	str-h046
1	Eyr	cLitterLut	str-b201
2	Emon	cLitterShrub	str-h044
2	Emon	cLitterSubSurf	str-041
2	Emon	cLitterSurf	str-041
2	Emon	cLitterTree	str-h064
1	CFsubhr	clivi	str-d09
2	E3hr	clivi	str-013
1	Amon	clivi	str-013
1	CFday	clivi	str-013
1	CF3hr	clivi	str-d11
1	Eday	clivic	str-013
1	E3hrPt	cllcalipso	str-943
1	CFday	cllcalipso	str-043
1	CFmon	cllcalipso	str-043
1	E3hrPt	clmcalipso	str-963
1	CFday	clmcalipso	str-063
1	CFmon	clmcalipso	str-063
1	Emon	clmisr	str-d41
1	E3hrPt	clmisr	str-d46
2	CF3hr	cls	str-018
1	CFmon	cls	str-d49
1	CFsubhr	clt	str-d09
1	day	clt	str-013
1	3hr	clt	str-013
1	Amon	clt	str-013
1	Eday	clt	str-041
1	CF3hr	clt	str-d11
1	AERmon	cltc	str-013
1	CF3hr	cltc	str-d11
1	E3hrPt	cltcalipso	str-d11
1	CFday	cltcalipso	str-013
1	CFmon	cltcalipso	str-013
1	CFday	cltisccp	str-013
1	CFmon	cltisccp	str-013
1	Emon	cltmodis	str-013
1	CFsubhr	clw	str-227
1	CFday	clw	str-d49
1	Amon	clw	str-d49
2	CF3hr	clwc	str-018
2	CFmon	clwc	str-d49
1	Emon	clwmodis	str-013
2	CF3hr	clws	str-018
2	CFmon	clws	str-d49
1	CFsubhr	clwvi	str-d09
2	E3hr	clwvi	str-013
1	CFday	clwvi	str-013
1	Amon	clwvi	str-013
1	CF3hr	clwvi	str-d11
1	Emon	clwvic	str-013
1	Eday	clwvic	str-013
1	AERmonZ	cly	str-261
1	Emon	cMisc	str-041
1	Eday	cnc	str-041
1	AERmon	co	str-d49
1	AERmon	co2	str-d49
1	E3hrPt	co2	str-018
1	Amon	co2	str-a023
2	Emon	co23D	str-d49
1	Amon	co2Clim	str-a063
1	Amon	co2mass	str-b193
1	Amon	co2massClim	str-a449
2	Emon	co2s	str-013
1	Oyr	co3	str-157
2	Omon	co3	str-157
2	Oyr	co3abio	str-157
2	Omon	co3abio	str-157
2	Omon	co3abioos	str-a098
2	Oyr	co3nat	str-157
2	Omon	co3nat	str-157
2	Omon	co3natos	str-a098
2	Omon	co3os	str-a098
1	Oyr	co3satarag	str-157
2	Omon	co3satarag	str-157
2	Omon	co3sataragos	str-a098
1	Oyr	co3satcalc	str-157
2	Omon	co3satcalc	str-157
2	Omon	co3satcalcos	str-a098
1	AERday	cod	str-013
1	AERmon	cod	str-013
2	Emon	columnmassflux	str-013
1	Emon	conccmcn	str-d49
1	Emon	conccn	str-d49
1	Emon	concdust	str-d49
1	Emon	concnmcn	str-d49
2	Emon	cOther	str-041
1	Eyr	cProduct	str-h041
1	Lmon	cProduct	str-041
1	Eyr	cProductLut	str-b201
1	Lmon	cRoot	str-041
1	Lmon	cropFrac	str-h038
1	Eyr	cropFrac	str-h038
1	Emon	cropFracC3	str-z101
1	Emon	cropFracC4	str-z102
1	Emon	cSoil	str-041
1	Eyr	cSoil	str-h041
1	Emon	cSoilAbove1m	str-841
1	Lmon	cSoilFast	str-041
2	Emon	cSoilGrass	str-h046
2	Emon	cSoilLevels	str-385
1	Eyr	cSoilLut	str-b201
1	Lmon	cSoilMedium	str-041
2	Emon	cSoilPools	str-h641
2	Emon	cSoilShrub	str-h044
1	Lmon	cSoilSlow	str-041
2	Emon	cSoilTree	str-h064
2	Emon	cStem	str-041
1	Emon	cTotFireLut	str-b436
1	Lmon	cVeg	str-041
1	Eyr	cVeg	str-h041
2	Emon	cVegGrass	str-h046
1	Eyr	cVegLut	str-b201
2	Emon	cVegShrub	str-h044
2	Emon	cVegTree	str-h064
1	Eday	cw	str-041
1	Emon	cWood	str-041
1	Oyr	darag	str-157
1	Oyr	dcalc	str-157
1	Eday	dcw	str-041
2	CF3hr	demc	str-018
2	CF3hr	dems	str-018
1	Emon	depdust	str-013
1	Ofx	deptho	str-d39
1	Oyr	detoc	str-157
2	Omon	detoc	str-157
2	Omon	detocos	str-a098
1	Oyr	dfe	str-157
1	Omon	dfe	str-157
1	Omon	dfeos	str-a098
1	Eday	dgw	str-b401
1	Emon	diabdrag	str-a023
2	Oyr	difmxybo	str-157
3	Oclim	difmxybo	str-a072
3	Oclim	difmxybo2d	str-a019
2	Oyr	difmxylo	str-157
3	Oclim	difmxylo	str-a072
3	Oclim	difmxylo2d	str-a019
3	Oclim	diftrbbo	str-a072
3	Oclim	diftrbbo2d	str-a019
1	Oyr	diftrblo	str-157
3	Oclim	diftrblo	str-a072
3	Oclim	diftrblo2d	str-a019
3	Oclim	diftrebo	str-a072
3	Oclim	diftrebo2d	str-a019
1	Oyr	diftrelo	str-157
3	Oclim	diftrelo	str-a072
3	Oclim	diftrelo2d	str-a019
3	Oclim	diftrxybo	str-a072
3	Oclim	diftrxybo2d	str-a019
3	Oclim	diftrxylo	str-a072
3	Oclim	diftrxylo2d	str-a019
1	Oyr	difvho	str-157
1	Oclim	difvho	str-a072
1	Oclim	difvmbo	str-a072
1	Oclim	difvmfdo	str-a072
1	Oclim	difvmo	str-a072
1	Oclim	difvmto	str-a072
1	Oyr	difvso	str-157
1	Oclim	difvso	str-a072
1	Oclim	difvtrbo	str-a072
1	Oclim	difvtrto	str-a072
1	Oclim	dispkevfo	str-a072
2	Oyr	dispkexyfo	str-a098
3	Oclim	dispkexyfo	str-a072
3	Oclim	dispkexyfo2d	str-a019
1	Omon	dissi13c	str-157
1	Oyr	dissi13c	str-157
1	Omon	dissi13cos	str-a098
2	Emon	dissi14c	str-157
1	Oyr	dissi14cabio	str-157
2	Omon	dissi14cabio	str-157
1	Omon	dissi14cabioos	str-a098
1	Oyr	dissic	str-157
1	Omon	dissic	str-157
1	Oyr	dissicabio	str-157
1	Omon	dissicabio	str-157
1	Omon	dissicabioos	str-a098
1	Oyr	dissicnat	str-157
2	Omon	dissicnat	str-157
1	Omon	dissicnatos	str-a098
1	Omon	dissicos	str-a098
1	Oyr	dissoc	str-157
1	Omon	dissoc	str-157
2	Omon	dissocos	str-a098
2	CFmon	dmc	str-245
1	Eday	dmlt	str-h642
1	AERmon	dms	str-d49
1	Omon	dmso	str-157
1	Oyr	dmso	str-157
3	Omon	dmsos	str-a098
1	Omon	dpco2	str-a061
3	Omon	dpco2abio	str-a061
3	Omon	dpco2nat	str-a061
3	Omon	dpo2	str-a061
1	Eday	drivw	str-b401
1	AERmon	drybc	str-013
1	AERmon	drydust	str-013
1	AERmon	drynh3	str-013
1	AERmon	drynh4	str-013
1	AERmon	drynoy	str-013
1	AERmon	dryo3	str-013
1	AERmon	dryoa	str-013
1	AERmon	dryso2	str-013
1	AERmon	dryso4	str-013
1	AERmon	dryss	str-013
1	Eday	dslw	str-041
1	Eday	dsn	str-041
1	Eday	dsw	str-041
3	6hrPlevPt	dtauc	str-d11
2	CF3hr	dtauc	str-018
3	6hrPlevPt	dtaus	str-d11
2	CF3hr	dtaus	str-018
1	Eday	dtes	str-041
1	Eday	dtesn	str-041
1	Eday	ec	str-041
1	Emon	ec550aer	str-e19
1	6hrLev	ec550aer	str-e18
1	CFmon	edt	str-d49
1	CFsubhr	edt	str-227
1	AERmon	emiaco	str-013
1	AERmon	emianox	str-013
1	AERmon	emiaoa	str-013
1	AERmon	emibc	str-013
1	AERmon	emibvoc	str-013
1	AERmon	emico	str-013
1	AERmon	emidms	str-013
1	AERmon	emidust	str-013
1	AERmon	emiisop	str-013
1	AERmon	emilnox	str-d49
1	AERmon	eminh3	str-013
1	AERmon	eminox	str-013
1	AERmon	emioa	str-013
1	AERmon	emiso2	str-013
1	AERmon	emiso4	str-013
1	AERmon	emiss	str-013
1	AERmon	emivoc	str-013
1	Eday	eow	str-041
1	Omon	eparag100	str-a015
1	Omon	epc100	str-a015
1	Omon	epcalc100	str-a015
1	Omon	epfe100	str-a015
1	EdayZ	epfy	str-261
1	EmonZ	epfy	str-261
1	EmonZ	epfz	str-261
1	EdayZ	epfz	str-261
1	Omon	epn100	str-a015
1	Omon	epp100	str-a015
1	Omon	epsi100	str-a015
1	Eday	es	str-041
1	Eday	esn	str-041
1	Omon	evs	str-a043
1	CFsubhr	evspsbl	str-d09
1	Amon	evspsbl	str-013
1	Eday	evspsbl	str-041
1	CF3hr	evspsbl	str-d11
1	Emon	evspsblpot	str-041
1	Eday	evspsblpot	str-041
1	Lmon	evspsblsoi	str-041
1	Lmon	evspsblveg	str-041
1	CFmon	evu	str-d49
1	CFsubhr	evu	str-227
1	Oyr	exparag	str-157
2	Emon	exparag	str-157
1	Oyr	expc	str-157
1	Omon	expc	str-157
1	Oyr	expcalc	str-157
2	Emon	expcalc	str-157
1	Oyr	expfe	str-157
1	Emon	expfe	str-157
1	Oyr	expn	str-157
2	Emon	expn	str-157
1	Oyr	expp	str-157
2	Emon	expp	str-157
1	Oyr	expsi	str-157
2	Emon	expsi	str-157
1	Emon	fahLut	str-b436
1	Emon	fAnthDisturb	str-041
3	Omon	fbddtalk	str-d06
1	Omon	fbddtdic	str-d06
3	Omon	fbddtdife	str-d06
3	Omon	fbddtdin	str-d06
3	Omon	fbddtdip	str-d06
3	Omon	fbddtdisi	str-d06
1	Emon	fBNF	str-041
1	Emon	fCLandToOcean	str-b401
1	CFsubhr	fco2antt	str-d09
1	Amon	fco2antt	str-013
1	CFsubhr	fco2fos	str-d09
1	Amon	fco2fos	str-013
1	CFsubhr	fco2nat	str-d09
1	Amon	fco2nat	str-013
2	Omon	fddtalk	str-d06
1	Omon	fddtdic	str-d06
3	Omon	fddtdife	str-d06
3	Omon	fddtdin	str-d06
3	Omon	fddtdip	str-d06
3	Omon	fddtdisi	str-d06
2	Emon	fDeforestToAtmos	str-041
1	Emon	fDeforestToProduct	str-041
3	Oyr	fediss	str-157
1	Oyr	fescav	str-157
1	Lmon	fFire	str-041
2	Emon	fFireAll	str-041
1	Emon	fFireNat	str-041
1	Omon	fg13co2	str-a061
1	Oyr	fg13co2	str-a098
2	Emon	fg14co2	str-a098
1	Omon	fg14co2abio	str-a061
1	Oyr	fg14co2abio	str-a098
2	Omon	fgcfc11	str-a098
1	Omon	fgcfc12	str-a098
1	Omon	fgco2	str-a061
1	Oyr	fgco2	str-a098
1	Omon	fgco2abio	str-a061
1	Oyr	fgco2abio	str-a098
1	Omon	fgco2nat	str-a061
1	Oyr	fgco2nat	str-a098
1	Omon	fgdms	str-a061
1	Omon	fgo2	str-a061
1	Lmon	fGrazing	str-041
1	Omon	fgsf6	str-a098
1	Lmon	fHarvest	str-041
2	Emon	fHarvestToAtmos	str-041
1	Emon	fHarvestToProduct	str-041
1	Omon	ficeberg	str-157
1	Omon	ficeberg2d	str-a098
1	Emon	flandice	str-a098
1	Emon	flashrate	str-013
1	Efx	fldcapacity	str-b290
2	Emon	fLitterFire	str-041
1	Lmon	fLitterSoil	str-041
1	Emon	fLuc	str-041
1	Emon	fLulccAtmLut	str-b436
1	Emon	fLulccProductLut	str-b436
1	Emon	fLulccResidueLut	str-b436
1	Emon	fN2O	str-041
1	Emon	fNAnthDisturb	str-041
1	Emon	fNdep	str-041
1	Emon	fNfert	str-041
1	Emon	fNgas	str-041
2	Emon	fNgasFire	str-041
2	Emon	fNgasNonFire	str-041
1	Emon	fNLandToOcean	str-041
1	Emon	fNleach	str-041
1	Emon	fNLitterSoil	str-041
1	Emon	fNloss	str-041
1	Emon	fNnetmin	str-041
2	Emon	fNOx	str-041
1	Emon	fNProduct	str-041
1	Emon	fNup	str-041
1	Emon	fNVegLitter	str-041
1	Emon	fNVegSoil	str-041
1	Emon	fProductDecomp	str-041
1	Emon	fProductDecompLut	str-b436
1	Eyr	fracInLut	str-b181
1	Emon	fracLut	str-h056
1	Eyr	fracLut	str-h062
1	Eyr	fracOutLut	str-b181
1	Omon	frfe	str-a098
1	Omon	fric	str-a098
1	Omon	friver	str-a098
1	Omon	frn	str-a098
1	Omon	froc	str-a098
1	Omon	fsfe	str-a061
1	Omon	fsitherm	str-a098
1	Omon	fsn	str-a061
2	Emon	fVegFire	str-041
1	Lmon	fVegLitter	str-041
2	Emon	fVegLitterMortality	str-041
2	Emon	fVegLitterSenescence	str-041
1	Lmon	fVegSoil	str-041
2	Emon	fVegSoilMortality	str-041
2	Emon	fVegSoilSenescence	str-041
1	E3hr	gpp	str-041
1	Lmon	gpp	str-041
2	Emon	gppc13	str-041
2	Emon	gppc14	str-041
2	Emon	gppGrass	str-h046
1	Emon	gppLut	str-b436
2	Emon	gppShrub	str-h044
2	Emon	gppTree	str-h064
1	Lmon	grassFrac	str-h034
1	Eyr	grassFrac	str-h034
1	Emon	grassFracC3	str-h068
1	Emon	grassFracC4	str-h066
1	Oyr	graz	str-157
3	Omon	graz	str-157
2	CF3hr	grpllsprof	str-010
2	Emon	grplmxrat27	str-287
3	6hrPlevPt	grplmxrat27	str-296
1	AERmon	h2o	str-d49
2	CF3hr	h2o	str-018
1	AERmonZ	h2o	str-261
1	Amon	hcfc22global	str-b193
1	AERmon	hcho	str-d49
1	AERmon	hcl	str-d49
1	AERmonZ	hcl	str-261
1	Odec	hfbasin	str-a081
1	Omon	hfbasin	str-a081
1	Omon	hfbasinpadv	str-a081
1	Omon	hfbasinpmadv	str-a081
1	Omon	hfbasinpmdiff	str-a081
1	Omon	hfbasinpsmadv	str-a081
1	Omon	hfcorr	str-a098
1	Odec	hfds	str-a098
1	Omon	hfds	str-a098
1	Eday	hfdsl	str-041
1	LImon	hfdsn	str-041
1	Eday	hfdsn	str-041
1	Eday	hfdsnb	str-041
1	Omon	hfevapds	str-a043
1	Ofx	hfgeou	str-d39
1	Omon	hfgeou	str-a098
3	IfxGre	hfgeoubed	str-b109
3	IfxAnt	hfgeoubed	str-b226
3	IyrGre	hfgeoubed	str-b109
3	IyrAnt	hfgeoubed	str-b226
1	Omon	hfibthermds	str-157
1	Omon	hfibthermds2d	str-a098
1	CFsubhr	hfls	str-d09
3	Esubhr	hfls	str-d11
1	3hr	hfls	str-013
1	Amon	hfls	str-013
1	day	hfls	str-013
1	Eday	hfls	str-041
1	ImonGre	hfls	str-b136
1	ImonAnt	hfls	str-b159
1	CF3hr	hfls	str-d11
1	LImon	hflsIs	str-b107
1	Emon	hflsLut	str-b436
1	Omon	hflso	str-a043
1	Eday	hfmlt	str-041
1	Omon	hfrainds	str-a043
1	Eday	hfrs	str-041
2	Omon	hfrunoffds	str-157
2	Omon	hfrunoffds2d	str-a098
1	Eday	hfsbl	str-041
1	Omon	hfsifrazil	str-157
1	Omon	hfsifrazil2d	str-a098
2	Omon	hfsnthermds	str-157
2	Omon	hfsnthermds2d	str-a098
1	CFsubhr	hfss	str-d09
3	Esubhr	hfss	str-d11
1	3hr	hfss	str-013
1	Amon	hfss	str-013
1	day	hfss	str-013
1	Eday	hfss	str-041
1	ImonGre	hfss	str-b136
1	ImonAnt	hfss	str-b159
1	CF3hr	hfss	str-d11
1	LImon	hfssIs	str-b107
1	Emon	hfssLut	str-b436
1	Omon	hfsso	str-a043
1	Omon	hfx	str-a098
1	Omon	hfy	str-a098
1	AERmon	hno3	str-d49
1	AERmonZ	hno3	str-261
1	AERmonZ	ho2	str-261
1	Omon	htovgyre	str-a081
1	Omon	htovovrt	str-a081
1	CFsubhr	hur	str-227
1	Amon	hur	str-a023
1	CFday	hur	str-d49
1	CFmon	hur	str-d49
1	day	hur	str-210
1	day	hurs	str-116
1	CFsubhr	hurs	str-d63
1	6hrPlev	hurs	str-116
1	Amon	hurs	str-116
1	CF3hr	hurs	str-250
1	day	hursmax	str-130
1	day	hursmin	str-189
1	Emon	hursminCrop	str-e082
1	Eday	hursminCrop	str-e189
1	E3hrPt	hus	str-018
1	Emon	hus	str-b311
1	EdayZ	hus	str-b233
1	Eday	hus	str-a023
3	Esubhr	hus	str-018
1	CFsubhr	hus	str-227
1	6hrLev	hus	str-018
1	Amon	hus	str-a023
1	CFday	hus	str-d49
1	CFmon	hus	str-d49
1	day	hus	str-210
2	Emon	hus27	str-287
3	6hrPlevPt	hus27	str-296
1	6hrPlev	hus4	str-b120
1	6hrPlevPt	hus7h	str-311
2	E3hrPt	hus7h	str-311
1	Eday	hus850	str-295
1	CFsubhr	huss	str-d63
3	Esubhr	huss	str-250
3	6hrPlevPt	huss	str-250
1	Amon	huss	str-116
1	day	huss	str-116
1	3hr	huss	str-250
1	Emon	hussLut	str-h072
3	IyrGre	iareafl	str-x184
3	IyrAnt	iareafl	str-x184
3	IyrGre	iareagr	str-x185
3	IyrAnt	iareagr	str-x185
3	ImonGre	icem	str-b136
3	ImonAnt	icem	str-b159
3	LImon	icemIs	str-b107
3	Omon	icfriver	str-a061
1	Omon	intdic	str-d02
1	Omon	intdoc	str-d02
1	Omon	intparag	str-d02
1	Omon	intpbfe	str-d02
3	Omon	intpbn	str-d02
3	Omon	intpbp	str-d02
1	Omon	intpbsi	str-d02
1	Omon	intpcalcite	str-d02
1	Omon	intpn2	str-d02
2	Omon	intpoc	str-d02
1	Omon	intpp	str-d02
1	Omon	intppcalc	str-d02
1	Omon	intppdiat	str-d02
1	Omon	intppdiaz	str-d02
1	Omon	intppmisc	str-d02
1	Omon	intppnitrate	str-d02
1	Omon	intpppico	str-d02
1	Emon	intuadse	str-013
1	Emon	intuaw	str-013
1	Emon	intvadse	str-013
1	Emon	intvaw	str-013
1	Emon	irrLut	str-b436
1	AERmon	isop	str-d49
1	AERmon	jno2	str-d49
1	EmonZ	jo2	str-261
1	EmonZ	jo3	str-261
1	Emon	jpdftaureicemodis	str-d87
1	Eday	jpdftaureicemodis	str-d87
1	E3hrPt	jpdftaureicemodis	str-d82
1	Emon	jpdftaureliqmodis	str-d85
1	Eday	jpdftaureliqmodis	str-d85
1	E3hrPt	jpdftaureliqmodis	str-d80
1	Efx	ksat	str-b290
1	Eday	lai	str-041
1	Lmon	lai	str-041
1	Emon	laiLut	str-b436
1	Lmon	landCoverFrac	str-h011
1	CFsubhr	latitude	str-156
2	ImonGre	libmassbffl	str-b124
2	ImonAnt	libmassbffl	str-b125
2	IyrGre	libmassbffl	str-b124
2	IyrAnt	libmassbffl	str-b125
2	ImonGre	libmassbfgr	str-b164
2	ImonAnt	libmassbfgr	str-b183
2	IyrGre	libmassbfgr	str-b164
2	IyrAnt	libmassbfgr	str-b183
3	ImonGre	licalvf	str-b136
3	ImonAnt	licalvf	str-b159
3	IyrGre	licalvf	str-b136
3	IyrAnt	licalvf	str-b159
3	ImonGre	lifmassbf	str-b136
3	ImonAnt	lifmassbf	str-b159
3	IyrGre	lifmassbf	str-b136
3	IyrAnt	lifmassbf	str-b159
2	IyrGre	lim	str-x188
2	IyrAnt	lim	str-x188
1	Omon	limfecalc	str-a098
1	Omon	limfediat	str-a098
1	Omon	limfediaz	str-a098
1	Omon	limfemisc	str-a098
1	Omon	limfepico	str-a098
1	Omon	limirrcalc	str-a098
1	Omon	limirrdiat	str-a098
1	Omon	limirrdiaz	str-a098
1	Omon	limirrmisc	str-a098
1	Omon	limirrpico	str-a098
1	Omon	limncalc	str-a098
1	Omon	limndiat	str-a098
1	Omon	limndiaz	str-a098
1	Omon	limnmisc	str-a098
1	Omon	limnpico	str-a098
2	IyrGre	limnsw	str-x185
2	IyrAnt	limnsw	str-x185
2	ImonGre	litempbotfl	str-b124
2	ImonAnt	litempbotfl	str-b125
2	IyrGre	litempbotfl	str-b124
2	IyrAnt	litempbotfl	str-b125
2	ImonGre	litempbotgr	str-b164
2	ImonAnt	litempbotgr	str-b183
2	IyrGre	litempbotgr	str-b164
2	IyrAnt	litempbotgr	str-b183
2	ImonGre	litemptop	str-b136
2	ImonAnt	litemptop	str-b159
2	IyrGre	litemptop	str-b136
2	IyrAnt	litemptop	str-b159
2	LImon	litemptopIs	str-b107
2	IfxGre	lithk	str-c109
2	IfxAnt	lithk	str-c226
2	IyrGre	lithk	str-b109
2	IyrAnt	lithk	str-b226
1	Eday	loadbc	str-013
1	Emon	loaddust	str-013
1	Eday	loaddust	str-013
1	Eday	loadnh4	str-013
1	Eday	loadno3	str-013
1	Eday	loadoa	str-013
1	Eday	loadpoa	str-013
1	Emon	loadso4	str-013
1	Eday	loadso4	str-013
1	Eday	loadsoa	str-013
1	Emon	loadss	str-013
1	Eday	loadss	str-013
1	CFsubhr	longitude	str-156
1	AERmon	lossch4	str-d49
1	AERmon	lossco	str-d49
1	AERmon	lossn2o	str-d49
1	AERmon	lwp	str-013
2	6hrPlevPt	lwsffluxaero	str-d11
1	LImon	lwsnl	str-041
2	Eday	lwsnl	str-041
1	Emon	lwsrfasdust	str-013
1	Emon	lwsrfcsdust	str-013
1	Emon	lwtoaasdust	str-013
1	Emon	lwtoacsaer	str-013
1	Emon	lwtoacsdust	str-013
1	6hrPlevPt	lwtoafluxaerocs	str-d11
1	Odec	masscello	str-157
1	Ofx	masscello	str-d12
1	Omon	masscello	str-157
1	Odec	masso	str-032
1	Omon	masso	str-032
1	AERday	maxpblz	str-447
3	Esubhr	mc	str-018
1	CFsubhr	mc	str-174
1	Amon	mc	str-245
1	CFday	mc	str-245
2	CFmon	mcd	str-245
1	CFmon	mcu	str-245
1	Emon	md	str-d49
1	AERmonZ	meanage	str-261
1	Omon	mfo	str-085
1	AERday	minpblz	str-a423
2	Eday	mlotst	str-a098
1	Omon	mlotst	str-a098
1	Omon	mlotstmax	str-147
1	Omon	mlotstmin	str-d04
1	Omon	mlotstsq	str-a098
1	AERmon	mmraerh2o	str-d49
1	AERmon	mmrbc	str-d49
1	AERmon	mmrdust	str-d49
1	AERmon	mmrnh4	str-d49
1	AERmon	mmrno3	str-d49
1	Emon	mmrno3	str-013
1	AERmon	mmroa	str-d49
1	AERmon	mmrpm1	str-d49
1	AERmon	mmrpm10	str-d49
1	AERmon	mmrpm2p5	str-d49
1	AERmon	mmrso4	str-d49
1	AERmon	mmrsoa	str-d49
1	AERmon	mmrss	str-d49
1	IyrGre	modelCellAreai	str-b195
1	IyrAnt	modelCellAreai	str-b123
1	Lmon	mrfso	str-041
1	Eday	mrfsofr	str-385
1	Eday	mrlqso	str-385
1	Emon	mrlso	str-041
1	3hr	mrro	str-041
1	Lmon	mrro	str-041
1	day	mrro	str-041
1	Eday	mrrob	str-041
1	LImon	mrroIs	str-b107
1	ImonGre	mrroLi	str-b136
1	ImonAnt	mrroLi	str-b159
1	Emon	mrroLut	str-b436
1	Lmon	mrros	str-041
1	Eday	mrros	str-041
1	Eday	mrsfl	str-385
1	Emon	mrsfl	str-385
1	Emon	mrsll	str-385
1	Eday	mrsll	str-385
1	day	mrso	str-041
1	Lmon	mrso	str-041
1	fx	mrsofc	str-d44
1	Eday	mrsol	str-385
1	Emon	mrsol	str-385
3	6hrPlevPt	mrsol	str-183
1	Emon	mrsoLut	str-b436
3	6hrPlevPt	mrsos	str-183
1	3hr	mrsos	str-183
1	Lmon	mrsos	str-218
1	day	mrsos	str-218
1	Emon	mrsosLut	str-z200
1	Eday	mrsow	str-041
2	Emon	mrtws	str-041
1	Eday	mrtws	str-041
1	Omon	msftbarot	str-a098
1	Odec	msftmrho	str-h004
1	Omon	msftmrho	str-h004
1	Omon	msftmrhompa	str-h004
1	Odec	msftmz	str-h018
1	Omon	msftmz	str-h018
1	Omon	msftmzmpa	str-h018
1	Omon	msftmzsmpa	str-h018
1	Odec	msftyrho	str-h006
1	Omon	msftyrho	str-h006
1	Omon	msftyrhompa	str-h006
1	Omon	msftyz	str-h009
1	Odec	msftyz	str-h009
1	Omon	msftyzmpa	str-h009
1	Omon	msftyzsmpa	str-h018
1	AERmon	n2o	str-d49
1	E3hrPt	n2o	str-018
1	Amon	n2o	str-a023
1	AERmonZ	n2o	str-261
1	Amon	n2oClim	str-a063
1	Amon	n2oglobal	str-b193
1	Amon	n2oglobalClim	str-a449
1	Lmon	nbp	str-041
1	Emon	necbLut	str-b436
1	Emon	nep	str-041
2	Emon	netAtmosLandC13Flux	str-041
2	Emon	netAtmosLandC14Flux	str-041
1	Emon	netAtmosLandCO2Flux	str-041
1	Oyr	nh4	str-157
1	Omon	nh4	str-157
2	Omon	nh4os	str-a098
1	AERmon	nh50	str-d49
1	Emon	nLand	str-041
2	Emon	nLeaf	str-041
1	Emon	nLitter	str-041
2	Emon	nLitterCwd	str-041
2	Emon	nLitterSubSurf	str-041
2	Emon	nLitterSurf	str-041
1	Emon	nMineral	str-041
2	Emon	nMineralNH4	str-041
2	Emon	nMineralNO3	str-041
1	AERmon	no	str-d49
1	AERmon	no2	str-d49
1	Oyr	no3	str-157
1	Omon	no3	str-157
1	Omon	no3os	str-a098
2	Emon	nOther	str-041
1	AERmonZ	noy	str-261
1	Lmon	npp	str-041
2	Emon	nppGrass	str-h046
1	Lmon	nppLeaf	str-041
1	Emon	nppLut	str-b436
2	Emon	nppOther	str-041
1	Lmon	nppRoot	str-041
2	Emon	nppShrub	str-h044
2	Emon	nppStem	str-041
2	Emon	nppTree	str-h064
1	Lmon	nppWood	str-041
1	Emon	nProduct	str-041
2	Emon	nRoot	str-041
1	Emon	nSoil	str-041
2	Emon	nStem	str-041
1	Eday	nudgincsm	str-041
1	Eday	nudgincswe	str-041
1	Emon	nVeg	str-041
1	Emon	nwdFracLut	str-h054
1	Emon	O18wv	str-d49
1	Oyr	o2	str-157
1	Omon	o2	str-157
1	Omon	o2min	str-a098
1	Omon	o2os	str-a098
2	Omon	o2sat	str-157
2	Oyr	o2sat	str-157
1	Omon	o2satos	str-a098
1	AERmon	o3	str-d49
1	Amon	o3	str-a023
1	E3hrPt	o3	str-018
1	AERmonZ	o3	str-261
1	Amon	o3Clim	str-a063
1	AERmon	o3loss	str-d49
1	AERmon	o3prod	str-d49
1	AERmon	o3ste	str-d49
1	Omon	obvfsq	str-157
3	Omon	ocfriver	str-a061
2	Emon	ocontempdiff	str-157
1	Oyr	ocontempdiff	str-157
3	Oyr	ocontempmint	str-a098
1	Emon	ocontempmint	str-a098
2	Emon	ocontemppadvect	str-157
1	Oyr	ocontemppadvect	str-157
2	Emon	ocontemppmdiff	str-157
1	Oyr	ocontemppmdiff	str-157
2	Emon	ocontemppsmadvect	str-157
1	Oyr	ocontemppsmadvect	str-157
1	Oyr	ocontemprmadvect	str-157
2	Emon	ocontemprmadvect	str-157
2	Emon	ocontemptend	str-157
1	Oyr	ocontemptend	str-157
1	AERmon	od440aer	str-013
1	Emon	od443dust	str-013
1	AERmon	od550aer	str-913
1	AERday	od550aer	str-913
1	AERmon	od550aerh2o	str-913
1	Emon	od550aerso	str-913
1	AERmon	od550bb	str-913
1	AERmon	od550bc	str-913
1	AERmon	od550csaer	str-913
1	AERmon	od550dust	str-913
1	AERmon	od550lt1aer	str-913
1	AERmon	od550no3	str-913
1	AERmon	od550oa	str-913
1	AERmon	od550so4	str-913
1	Emon	od550so4so	str-913
1	AERmon	od550soa	str-913
1	AERmon	od550ss	str-913
1	Emon	od865dust	str-013
1	AERmon	od870aer	str-013
1	AERmon	oh	str-d49
1	AERmonZ	oh	str-261
1	Oday	omldamax	str-147
2	Emon	opottempdiff	str-157
1	Oyr	opottempdiff	str-157
3	Oyr	opottempmint	str-a098
1	Emon	opottempmint	str-a098
2	Emon	opottemppadvect	str-157
1	Oyr	opottemppadvect	str-157
2	Emon	opottemppmdiff	str-157
1	Oyr	opottemppmdiff	str-157
2	Emon	opottemppsmadvect	str-157
1	Oyr	opottemppsmadvect	str-157
1	Oyr	opottemprmadvect	str-157
2	Emon	opottemprmadvect	str-157
2	Emon	opottemptend	str-157
1	Oyr	opottemptend	str-157
1	Emon	orog	str-013
1	fx	orog	str-054
1	ImonGre	orog	str-b136
1	ImonAnt	orog	str-b159
1	IyrGre	orog	str-b136
1	IyrAnt	orog	str-b159
1	LImon	orogIs	str-b107
2	Emon	osaltdiff	str-157
1	Oyr	osaltdiff	str-157
2	Emon	osaltpadvect	str-157
1	Oyr	osaltpadvect	str-157
2	Emon	osaltpmdiff	str-157
1	Oyr	osaltpmdiff	str-157
2	Emon	osaltpsmadvect	str-157
1	Oyr	osaltpsmadvect	str-157
1	Oyr	osaltrmadvect	str-157
2	Emon	osaltrmadvect	str-157
2	Emon	osalttend	str-157
1	Oyr	osalttend	str-157
1	EmonZ	oxloss	str-261
1	EmonZ	oxprod	str-261
1	Emon	pabigthetao	str-157
1	AERmon	pan	str-d49
1	Oyr	parag	str-157
1	Emon	parasolRefl	str-b453
1	Eday	parasolRefl	str-b453
1	E3hrPt	parasolRefl	str-359
1	Lmon	pastureFrac	str-h032
1	Emon	pastureFracC3	str-h061
1	Emon	pastureFracC4	str-h065
1	Emon	pathetao	str-157
1	Oyr	pbfe	str-157
1	Omon	pbo	str-a098
1	Oyr	pbsi	str-157
1	Oyr	pcalc	str-157
1	CFday	pctisccp	str-a049
1	CFmon	pctisccp	str-a049
1	LImon	pflw	str-041
3	Eday	pflw	str-041
1	AERmon	pfull	str-d49
1	CFsubhr	pfull	str-227
1	CF3hr	pfull	str-018
1	Amon	pfull	str-a468
1	CFday	pfull	str-d49
1	6hrLev	pfull	str-018
1	Oyr	ph	str-157
1	Omon	ph	str-157
2	Omon	phabio	str-157
1	Oyr	phabio	str-157
2	Omon	phabioos	str-a098
1	AERmon	phalf	str-245
1	CFsubhr	phalf	str-174
1	Amon	phalf	str-a090
1	CFday	phalf	str-245
1	CF3hr	phalf	str-010
1	Oyr	phnat	str-157
2	Omon	phnat	str-157
2	Omon	phnatos	str-a098
1	Omon	phos	str-a098
1	AERmon	photo1d	str-d49
1	Oyr	phyc	str-157
1	Omon	phyc	str-157
1	Oyr	phycalc	str-157
2	Omon	phycalc	str-157
2	Omon	phycalcos	str-a098
2	Oday	phycos	str-a098
1	Omon	phycos	str-a098
1	Oyr	phydiat	str-157
2	Omon	phydiat	str-157
2	Omon	phydiatos	str-a098
1	Oyr	phydiaz	str-157
2	Omon	phydiaz	str-157
2	Omon	phydiazos	str-a098
2	Oyr	phyfe	str-157
3	Omon	phyfe	str-157
2	Omon	phyfeos	str-a098
1	Oyr	phymisc	str-157
2	Omon	phymisc	str-157
2	Omon	phymiscos	str-a098
2	Oyr	phyn	str-157
3	Omon	phyn	str-157
2	Omon	phynos	str-a098
2	Oyr	phyp	str-157
3	Omon	phyp	str-157
1	Oyr	phypico	str-157
1	Omon	phypico	str-157
2	Omon	phypicoos	str-a098
2	Omon	phypos	str-a098
2	Oyr	physi	str-157
3	Omon	physi	str-157
2	Omon	physios	str-a098
1	Oyr	pnitrate	str-157
1	Oyr	po4	str-157
1	Omon	po4	str-157
1	Omon	po4os	str-a098
1	AERmon	pod0	str-x13
2	Oyr	pon	str-157
3	Omon	pon	str-157
2	Omon	ponos	str-a098
2	Oyr	pop	str-157
3	Omon	pop	str-157
2	Omon	popos	str-a098
1	Oyr	pp	str-157
3	Omon	pp	str-157
3	Oyr	ppcalc	str-157
3	Emon	ppcalc	str-157
1	Oyr	ppdiat	str-157
3	Emon	ppdiat	str-157
3	Oyr	ppdiaz	str-157
3	Emon	ppdiaz	str-157
1	Oyr	ppmisc	str-157
3	Emon	ppmisc	str-157
1	Omon	ppos	str-a061
3	Oyr	pppico	str-157
3	Emon	pppico	str-157
1	CFsubhr	pr	str-d09
1	E1hr	pr	str-013
3	Esubhr	pr	str-d11
2	6hrPlev	pr	str-013
1	3hr	pr	str-013
1	Amon	pr	str-013
1	day	pr	str-013
1	CF3hr	pr	str-d11
1	Emon	pr17O	str-013
1	Emon	pr18O	str-013
1	Emon	pr2h	str-013
1	Emon	prbigthetao	str-157
1	CFsubhr	prc	str-d09
1	E1hr	prc	str-013
3	Esubhr	prc	str-d11
1	Amon	prc	str-013
1	day	prc	str-013
1	3hr	prc	str-013
1	CF3hr	prc	str-d11
2	CF3hr	prcprof	str-010
1	Emon	prCrop	str-h042
1	Eday	prCrop	str-h042
1	E3hr	prcsh	str-013
1	Emon	prhmax	str-x212
3	6hrPlev	prhmax	str-x212
1	Eday	prhmax	str-x212
2	CF3hr	prlsns	str-010
2	CF3hr	prlsprof	str-010
2	E3hr	prra	str-013
1	Omon	prra	str-a043
2	Eday	prra	str-041
1	ImonGre	prra	str-b136
2	ImonAnt	prra	str-b159
1	LImon	prraIs	str-b107
1	E3hr	prrc	str-013
1	Eday	prrc	str-041
1	Eday	prrsn	str-041
1	CFsubhr	prsn	str-d09
1	Omon	prsn	str-a043
1	3hr	prsn	str-013
1	Amon	prsn	str-013
1	day	prsn	str-013
1	ImonGre	prsn	str-b136
1	ImonAnt	prsn	str-b159
1	CF3hr	prsn	str-d11
1	Emon	prsn17O	str-013
1	Emon	prsn18O	str-013
1	Emon	prsn2h	str-013
2	E3hr	prsnc	str-013
2	CF3hr	prsnc	str-010
2	Eday	prsnc	str-041
1	LImon	prsnIs	str-b107
1	Eday	prsnsn	str-041
1	Emon	prthetao	str-157
1	Lmon	prveg	str-041
2	Eday	prveg	str-041
1	CFsubhr	prw	str-d09
1	Eday	prw	str-013
2	E3hr	prw	str-013
3	Esubhr	prw	str-d11
1	Amon	prw	str-013
1	CF3hr	prw	str-d11
1	Emon	prw17O	str-d49
1	Emon	prw18O	str-157
1	Emon	prw2H	str-d49
1	AERhr	ps	str-013
1	AERmon	ps	str-013
1	Emon	ps	str-013
1	CFsubhr	ps	str-d09
1	6hrLev	ps	str-d11
1	CFday	ps	str-013
1	3hr	ps	str-d11
1	Amon	ps	str-013
1	EdayZ	psitem	str-261
1	CFsubhr	psl	str-d09
1	6hrPlevPt	psl	str-d11
1	CF3hr	psl	str-d11
2	E3hr	psl	str-013
3	E1hr	psl	str-d11
1	6hrPlev	psl	str-013
1	Amon	psl	str-013
1	day	psl	str-013
1	Omon	pso	str-a098
1	AERmon	ptp	str-013
1	Eday	qgwr	str-b401
1	E3hr	ra	str-041
1	Lmon	ra	str-041
2	Emon	rac13	str-041
2	Emon	rac14	str-041
2	Emon	raGrass	str-h046
2	Emon	rainmxrat27	str-287
3	6hrPlevPt	rainmxrat27	str-296
2	Emon	raLeaf	str-041
1	Emon	raLut	str-b436
2	Emon	raOther	str-041
2	Emon	raRoot	str-041
2	Emon	raShrub	str-h044
2	Emon	raStem	str-041
2	Emon	raTree	str-h064
1	Eday	reffcclwtop	str-013
2	Emon	reffclic	str-d49
2	Esubhr	reffclic	str-227
2	CF3hr	reffclic	str-018
2	Emon	reffclis	str-d49
2	Esubhr	reffclis	str-227
2	CF3hr	reffclis	str-018
2	Emon	reffclwc	str-d49
2	Esubhr	reffclwc	str-227
2	CF3hr	reffclwc	str-018
2	Emon	reffclws	str-d49
2	Esubhr	reffclws	str-227
2	CF3hr	reffclws	str-018
1	AERmon	reffclwtop	str-013
2	CF3hr	reffgrpls	str-018
2	CF3hr	reffrainc	str-018
2	CF3hr	reffrains	str-018
1	Eday	reffsclwtop	str-013
2	CF3hr	reffsnowc	str-018
2	CF3hr	reffsnows	str-018
2	Oyr	remoc	str-157
1	Lmon	residualFrac	str-z103
2	Eyr	residualFrac	str-z103
1	Lmon	rGrowth	str-041
1	E3hr	rh	str-041
1	Lmon	rh	str-041
2	Emon	rhc13	str-041
2	Emon	rhc14	str-041
2	Emon	rhGrass	str-h046
2	Emon	rhLitter	str-041
1	Emon	rhLut	str-b436
2	Emon	rhShrub	str-h044
2	Emon	rhSoil	str-041
2	Emon	rhTree	str-h064
1	Eday	rivi	str-b401
1	Eday	rivo	str-b401
1	CFsubhr	rld	str-174
1	CFmon	rld	str-245
1	Efx	rld	str-b269
1	CFmon	rld4co2	str-245
1	CFsubhr	rldcs	str-174
1	CFmon	rldcs	str-245
1	CFmon	rldcs4co2	str-245
1	CFsubhr	rlds	str-d09
1	3hr	rlds	str-013
1	Amon	rlds	str-013
1	day	rlds	str-013
1	ImonGre	rlds	str-b136
1	ImonAnt	rlds	str-b159
1	CF3hr	rlds	str-d11
1	CFsubhr	rldscs	str-d09
1	Amon	rldscs	str-013
1	CFday	rldscs	str-013
1	3hr	rldscs	str-013
1	CF3hr	rldscs	str-d11
1	LImon	rldsIs	str-b107
1	Omon	rlntds	str-a043
1	Emon	rls	str-013
1	Eday	rls	str-041
3	day	rls	str-013
1	CFsubhr	rlu	str-174
1	CFmon	rlu	str-245
1	Efx	rlu	str-b269
1	CFmon	rlu4co2	str-245
1	CFsubhr	rlucs	str-174
1	CFmon	rlucs	str-245
1	CFmon	rlucs4co2	str-245
1	CFsubhr	rlus	str-d09
1	Amon	rlus	str-013
1	day	rlus	str-013
1	3hr	rlus	str-013
1	ImonGre	rlus	str-b136
1	ImonAnt	rlus	str-b159
1	CF3hr	rlus	str-d11
1	LImon	rlusIs	str-b107
1	Emon	rlusLut	str-b436
1	CFsubhr	rlut	str-d09
1	E1hrClimMon	rlut	str-340
2	E3hr	rlut	str-013
3	E1hr	rlut	str-d11
3	Esubhr	rlut	str-d11
1	day	rlut	str-013
1	Amon	rlut	str-013
1	CF3hr	rlut	str-d11
1	CFmon	rlut4co2	str-013
1	AERmon	rlutaf	str-013
1	CFsubhr	rlutcs	str-d09
1	E1hrClimMon	rlutcs	str-340
2	E3hr	rlutcs	str-013
1	Amon	rlutcs	str-013
1	CFday	rlutcs	str-013
1	CF3hr	rlutcs	str-d11
1	CFmon	rlutcs4co2	str-013
1	AERmon	rlutcsaf	str-013
1	Lmon	rMaint	str-041
1	fx	rootd	str-054
1	Efx	rootdsl	str-b290
1	CFsubhr	rsd	str-174
1	CFmon	rsd	str-245
1	Efx	rsd	str-b269
1	CFmon	rsd4co2	str-245
1	E3hrPt	rsdcs	str-010
1	CFsubhr	rsdcs	str-174
1	CFmon	rsdcs	str-245
1	CFmon	rsdcs4co2	str-245
1	E3hrPt	rsdcsaf	str-010
1	E3hrPt	rsdcsafbnd	str-e47
1	E3hrPt	rsdcsbnd	str-e47
1	Omon	rsdo	str-157
1	Oyr	rsdoabsorb	str-157
2	Emon	rsdoabsorb	str-157
1	CFsubhr	rsds	str-d09
1	3hr	rsds	str-013
1	Amon	rsds	str-013
1	day	rsds	str-013
1	ImonGre	rsds	str-b136
1	ImonAnt	rsds	str-b159
1	CF3hr	rsds	str-d11
1	CFsubhr	rsdscs	str-d09
1	Amon	rsdscs	str-013
1	CFday	rsdscs	str-013
1	3hr	rsdscs	str-013
1	CF3hr	rsdscs	str-d11
1	E3hrPt	rsdscsaf	str-d11
1	E3hrPt	rsdscsafbnd	str-d31
1	E3hrPt	rsdscsbnd	str-d31
1	Emon	rsdscsdiff	str-013
1	Eday	rsdscsdiff	str-013
1	Emon	rsdsdiff	str-013
1	Eday	rsdsdiff	str-013
1	3hr	rsdsdiff	str-013
1	LImon	rsdsIs	str-b107
1	CFsubhr	rsdt	str-d09
1	E1hrClimMon	rsdt	str-340
2	E3hr	rsdt	str-013
3	Esubhr	rsdt	str-d11
1	Amon	rsdt	str-013
1	CFday	rsdt	str-013
1	CF3hr	rsdt	str-d11
1	Omon	rsntds	str-a098
1	Emon	rss	str-013
3	day	rss	str-013
1	Eday	rss	str-041
1	CFsubhr	rsu	str-174
1	CFmon	rsu	str-245
1	Efx	rsu	str-b269
1	CFmon	rsu4co2	str-245
1	E3hrPt	rsucs	str-010
1	CFsubhr	rsucs	str-174
1	CFmon	rsucs	str-245
1	CFmon	rsucs4co2	str-245
1	E3hrPt	rsucsaf	str-010
1	E3hrPt	rsucsafbnd	str-e47
1	E3hrPt	rsucsbnd	str-e47
1	CFsubhr	rsus	str-d09
1	3hr	rsus	str-013
1	Amon	rsus	str-013
1	day	rsus	str-013
1	ImonGre	rsus	str-b136
1	ImonAnt	rsus	str-b159
1	CF3hr	rsus	str-d11
1	CFsubhr	rsuscs	str-d09
1	CF3hr	rsuscs	str-d11
1	3hr	rsuscs	str-013
1	Amon	rsuscs	str-013
1	CFday	rsuscs	str-013
1	E3hrPt	rsuscsaf	str-d11
1	E3hrPt	rsuscsafbnd	str-d31
1	E3hrPt	rsuscsbnd	str-d31
1	LImon	rsusIs	str-b107
1	Emon	rsusLut	str-b436
1	CFsubhr	rsut	str-d09
1	E1hrClimMon	rsut	str-340
2	E3hr	rsut	str-013
3	Esubhr	rsut	str-d11
1	CFday	rsut	str-013
1	Amon	rsut	str-013
1	CF3hr	rsut	str-d11
1	CFmon	rsut4co2	str-013
1	AERmon	rsutaf	str-013
1	CFsubhr	rsutcs	str-d09
1	E1hrClimMon	rsutcs	str-340
1	E3hr	rsutcs	str-013
1	Amon	rsutcs	str-013
1	CFday	rsutcs	str-013
1	CF3hr	rsutcs	str-d11
1	CFmon	rsutcs4co2	str-013
1	AERmon	rsutcsaf	str-013
1	E3hrPt	rsutcsaf	str-d11
1	E3hrPt	rsutcsafbnd	str-d31
1	E3hrPt	rsutcsbnd	str-d31
1	CFsubhr	rtmt	str-d09
1	Amon	rtmt	str-013
1	CF3hr	rtmt	str-d11
1	6hrPlevPt	rv850	str-d51
1	6hrPlev	rv850	str-295
1	Eday	rzwc	str-041
1	Efx	sandfrac	str-b290
1	CFsubhr	sbl	str-d09
1	Amon	sbl	str-013
1	LImon	sbl	str-041
1	Eday	sbl	str-041
1	ImonGre	sbl	str-b136
1	ImonAnt	sbl	str-b159
1	CF3hr	sbl	str-d11
1	LImon	sblIs	str-b107
1	Eday	sblnosn	str-041
1	CFsubhr	sci	str-d09
1	Amon	sci	str-013
1	CF3hr	sci	str-d11
1	Eday	scldncl	str-013
1	Emon	sconcdust	str-013
1	Emon	sconcso4	str-013
1	Emon	sconcss	str-013
1	Emon	sedustCI	str-013
2	Oyr	sf6	str-157
1	Omon	sf6	str-157
1	E3hr	sfcWind	str-d78
1	CFsubhr	sfcWind	str-d33
3	6hrPlev	sfcWind	str-d78
3	6hrPlevPt	sfcWind	str-072
1	Amon	sfcWind	str-d78
1	day	sfcWind	str-d78
1	CF3hr	sfcWind	str-072
1	day	sfcWindmax	str-049
1	Emon	sfcWindmax	str-549
1	Odec	sfdsi	str-a098
2	SImon	sfdsi	str-b220
1	Omon	sfdsi	str-a098
1	AERhr	sfno2	str-013
1	AERhr	sfo3	str-013
1	AERday	sfo3max	str-447
1	AERhr	sfpm25	str-013
1	Odec	sfriver	str-a098
1	Omon	sfriver	str-a098
1	LImon	sftflf	str-z009
1	Efx	sftflf	str-z001
2	IyrGre	sftflf	str-z202
2	IyrAnt	sftflf	str-z201
1	LImon	sftgif	str-z007
1	fx	sftgif	str-z003
1	IyrGre	sftgif	str-z206
1	IyrAnt	sftgif	str-z205
1	LImon	sftgrf	str-z008
1	Efx	sftgrf	str-z002
1	IyrGre	sftgrf	str-z204
1	IyrAnt	sftgrf	str-z203
1	fx	sftlf	str-z004
1	Ofx	sftof	str-z006
1	Lmon	shrubFrac	str-h025
1	Eyr	shrubFrac	str-h025
1	Oyr	si	str-157
1	Omon	si	str-157
1	SImon	siage	str-b220
2	SImon	siareaacrossline	str-b132
2	SImon	siarean	str-b193
2	SImon	siareas	str-b193
1	SImon	sicompstren	str-b220
1	SIday	siconc	str-z005
1	SImon	siconc	str-z005
1	SImon	siconca	str-z015
1	SIday	siconca	str-z015
2	SImon	sidconcdyn	str-a098
2	SImon	sidconcth	str-a098
1	SImon	sidivvel	str-348
2	SImon	sidmassdyn	str-a098
1	SImon	sidmassevapsubl	str-a098
1	SImon	sidmassgrowthbot	str-a098
1	SImon	sidmassgrowthwat	str-a098
2	SImon	sidmasslat	str-a098
1	SImon	sidmassmeltbot	str-a098
1	SImon	sidmassmelttop	str-a098
1	SImon	sidmasssi	str-a098
2	SImon	sidmassth	str-a098
1	SImon	sidmasstranx	str-b141
1	SImon	sidmasstrany	str-b141
3	SImon	sidragbot	str-b220
3	SImon	sidragtop	str-b220
2	SImon	siextentn	str-b193
2	SImon	siextents	str-b193
2	SImon	sifb	str-b220
2	SImon	siflcondbot	str-b220
2	SImon	siflcondtop	str-b220
2	SImon	siflfwbot	str-b220
2	SImon	siflfwdrain	str-b220
1	SImon	sifllatstop	str-b221
1	SImon	sifllwdtop	str-b221
1	SImon	sifllwutop	str-b221
1	SImon	siflsenstop	str-b221
2	SImon	siflsensupbot	str-b220
2	SImon	siflswdbot	str-b220
1	SImon	siflswdtop	str-b221
1	SImon	siflswutop	str-b221
3	SImon	siforcecoriolx	str-b169
3	SImon	siforcecorioly	str-b169
3	SImon	siforceintstrx	str-b169
3	SImon	siforceintstry	str-b169
3	SImon	siforcetiltx	str-b169
3	SImon	siforcetilty	str-b169
1	SImon	sihc	str-a098
3	SImon	siitdconc	str-b117
3	SImon	siitdsnconc	str-d57
3	SImon	siitdsnthick	str-d57
3	SImon	siitdthick	str-d57
1	Efx	siltfrac	str-b290
1	SImon	simass	str-a098
1	SImon	simassacrossline	str-b132
1	SImon	simpconc	str-d84
3	SImon	simpmass	str-d67
3	SImon	simprefrozen	str-d67
1	Omon	sios	str-a098
1	SImon	sipr	str-b220
1	SImon	sirdgconc	str-z105
3	SImon	sirdgthick	str-z169
1	SImon	sisali	str-b220
3	SImon	sisaltmass	str-a098
2	SImon	sishevel	str-348
1	SImon	sisnconc	str-b220
2	SImon	sisnhc	str-b220
1	SImon	sisnmass	str-b220
1	SImon	sisnthick	str-387
1	SIday	sisnthick	str-387
1	SImon	sispeed	str-b220
1	SIday	sispeed	str-b220
3	SImon	sistremax	str-348
3	SImon	sistresave	str-348
1	SImon	sistrxdtop	str-b169
2	SImon	sistrxubot	str-b220
1	SImon	sistrydtop	str-b169
2	SImon	sistryubot	str-b220
2	SImon	sitempbot	str-b220
1	SImon	sitempsnic	str-b220
1	SImon	sitemptop	str-b220
1	SIday	sitemptop	str-b220
1	SImon	sithick	str-b220
1	SIday	sithick	str-b220
1	SImon	sitimefrac	str-a098
1	SIday	sitimefrac	str-a098
1	SImon	siu	str-b169
1	SIday	siu	str-b169
1	SImon	siv	str-b169
1	SIday	siv	str-b169
1	SImon	sivol	str-a098
2	SImon	sivoln	str-b193
2	SImon	sivols	str-b193
1	EmonZ	sltbasin	str-a081
1	Efx	slthick	str-b290
1	Omon	sltovgyre	str-a081
1	Omon	sltovovrt	str-a081
2	CFmon	smc	str-245
1	LImon	snc	str-013
1	day	snc	str-013
1	ImonGre	snc	str-b136
1	ImonAnt	snc	str-b159
1	IyrGre	snc	str-b136
1	IyrAnt	snc	str-b159
1	LImon	sncIs	str-b107
1	Eday	snd	str-041
1	LImon	snd	str-041
2	SImon	sndmassdyn	str-b220
1	SImon	sndmassmelt	str-b220
2	SImon	sndmasssi	str-b220
1	SImon	sndmasssnf	str-b220
2	SImon	sndmasssubl	str-b220
2	SImon	sndmasswindrif	str-b220
2	ImonGre	snicefreez	str-b136
2	ImonAnt	snicefreez	str-b159
2	LImon	snicefreezIs	str-b107
2	ImonGre	snicem	str-b136
2	ImonAnt	snicem	str-b159
2	LImon	snicemIs	str-b107
1	LImon	snm	str-041
1	Eday	snm	str-041
1	ImonGre	snm	str-b136
1	ImonAnt	snm	str-b159
2	SImon	snmassacrossline	str-b132
1	LImon	snmIs	str-b107
1	Eday	snmsl	str-041
2	Emon	snowmxrat27	str-287
3	6hrPlevPt	snowmxrat27	str-296
1	Eday	snrefr	str-041
3	6hrPlevPt	snw	str-h041
1	LImon	snw	str-041
1	day	snw	str-041
1	Eday	snwc	str-041
1	Odec	so	str-157
1	Omon	so	str-157
1	AERmon	so2	str-d49
1	Omon	sob	str-a098
1	Odec	soga	str-135
1	Omon	soga	str-135
1	E3hrPt	solbnd	str-d31
3	Oyr	somint	str-a098
1	Emon	somint	str-a098
1	LImon	sootsn	str-041
2	Eday	sootsn	str-041
1	Odec	sos	str-a098
1	Omon	sos	str-a098
3	Oday	sos	str-a098
1	Omon	sosga	str-135
1	Odec	sosga	str-135
3	Oday	sossq	str-a098
3	Omon	sossq	str-a098
1	Omon	spco2	str-a061
1	Omon	spco2abio	str-a061
1	Omon	spco2nat	str-a061
3	IyrGre	strbasemag	str-b136
3	IyrAnt	strbasemag	str-b159
1	Eday	sw	str-041
1	Emon	sw18O	str-157
1	Emon	sw2H	str-157
1	Emon	sweLut	str-b436
2	6hrPlevPt	swsffluxaero	str-d11
1	Emon	swsrfasdust	str-013
1	Emon	swsrfcsdust	str-013
1	Emon	swtoaasdust	str-013
1	Emon	swtoacsdust	str-013
1	6hrPlevPt	swtoafluxaerocs	str-d11
1	E3hrPt	sza	str-d11
2	Emon	t2	str-d49
1	Emon	t20d	str-a098
2	Eday	t20d	str-a098
1	6hrPlevPt	ta	str-268
1	EdayZ	ta	str-b233
1	Eday	ta	str-a023
3	E1hr	ta	str-268
3	Esubhr	ta	str-018
1	CFsubhr	ta	str-227
1	6hrLev	ta	str-018
1	Amon	ta	str-a023
1	CF3hr	ta	str-018
1	CFday	ta	str-d49
1	CFmon	ta	str-d49
1	day	ta	str-210
1	AERmonZ	ta	str-261
2	Emon	ta27	str-287
3	E1hr	ta27	str-296
3	6hrPlevPt	ta27	str-296
1	Eday	ta500	str-181
1	CFday	ta700	str-209
1	6hrPlevPt	ta7h	str-311
2	E3hrPt	ta7h	str-311
1	Eday	ta850	str-295
1	Oyr	talk	str-157
1	Omon	talk	str-157
1	Oyr	talknat	str-157
1	Omon	talknat	str-157
1	Omon	talknatos	str-a098
1	Omon	talkos	str-a098
1	AERhr	tas	str-116
1	CFsubhr	tas	str-d63
3	Esubhr	tas	str-250
1	6hrPlev	tas	str-116
3	6hrPlevPt	tas	str-250
1	3hr	tas	str-250
1	Amon	tas	str-116
1	day	tas	str-116
1	ImonGre	tas	str-d68
1	ImonAnt	tas	str-d68
1	LImon	tasIs	str-b107
1	Emon	tasLut	str-h072
1	Amon	tasmax	str-083
1	day	tasmax	str-130
1	Emon	tasmaxCrop	str-e083
1	Eday	tasmaxCrop	str-e130
1	Amon	tasmin	str-082
1	day	tasmin	str-189
1	Emon	tasminCrop	str-e082
1	Eday	tasminCrop	str-e189
1	AERmon	tatp	str-013
1	Eday	tau	str-041
1	CFsubhr	tauu	str-d09
1	Eday	tauu	str-013
1	Amon	tauu	str-013
1	CF3hr	tauu	str-d11
1	Omon	tauucorr	str-a096
1	Odec	tauuo	str-a098
1	Omon	tauuo	str-a096
1	Eday	tauupbl	str-013
1	CFsubhr	tauv	str-d09
1	Eday	tauv	str-013
1	Amon	tauv	str-013
1	CF3hr	tauv	str-d11
1	Omon	tauvcorr	str-a096
1	Odec	tauvo	str-a098
1	Omon	tauvo	str-a096
1	Eday	tauvpbl	str-013
1	Eday	tcs	str-041
1	Emon	tdps	str-013
2	Eday	tdps	str-013
3	IyrGre	tendacabf	str-x188
3	IyrAnt	tendacabf	str-x188
3	IyrGre	tendlibmassbf	str-x188
3	IyrAnt	tendlibmassbf	str-x188
3	IyrGre	tendlicalvf	str-x188
3	IyrAnt	tendlicalvf	str-x188
1	Eday	tgs	str-041
1	Odec	thetao	str-157
1	Omon	thetao	str-157
1	Odec	thetaoga	str-135
1	Omon	thetaoga	str-135
1	Emon	thetaot	str-d27
1	Emon	thetaot2000	str-d30
1	Emon	thetaot300	str-d29
1	Emon	thetaot700	str-d32
1	Odec	thkcello	str-157
1	Omon	thkcello	str-157
1	Ofx	thkcello	str-d12
3	Esubhr	tnhus	str-018
1	CFsubhr	tnhus	str-227
1	CFmon	tnhus	str-d49
1	CFsubhr	tnhusa	str-227
1	CFmon	tnhusa	str-d49
1	CFsubhr	tnhusc	str-227
1	CFmon	tnhusc	str-d49
1	CFsubhr	tnhusd	str-227
1	CFmon	tnhusd	str-d49
1	CFsubhr	tnhusmp	str-227
1	CFmon	tnhusmp	str-d49
1	Emon	tnhuspbl	str-d49
1	Esubhr	tnhuspbl	str-227
1	Emon	tnhusscp	str-d49
1	Esubhr	tnhusscp	str-227
1	CFsubhr	tnhusscpbl	str-227
1	CFmon	tnhusscpbl	str-d49
2	Oyr	tnkebto	str-a098
3	Oclim	tnkebto	str-a072
3	Oclim	tnkebto2d	str-a019
2	Oyr	tnpeo	str-a098
1	Oclim	tnpeo	str-a072
1	Oclim	tnpeot	str-a072
1	Oclim	tnpeotb	str-a072
3	Esubhr	tnt	str-018
1	CFsubhr	tnt	str-227
1	CFmon	tnt	str-d49
1	CFsubhr	tnta	str-227
1	CFmon	tnta	str-d49
1	EmonZ	tntc	str-261
1	CFsubhr	tntc	str-227
1	CFmon	tntc	str-d49
1	Emon	tntd	str-d49
1	Esubhr	tntd	str-227
1	EmonZ	tntmp	str-261
1	CFsubhr	tntmp	str-227
1	CFmon	tntmp	str-d49
2	Emon	tntmp27	str-287
2	EmonZ	tntnogw	str-261
2	EmonZ	tntogw	str-261
1	Emon	tntpbl	str-d49
1	Esubhr	tntpbl	str-227
1	CFsubhr	tntr	str-227
1	CFmon	tntr	str-d49
3	E1hr	tntr27	str-296
1	AERmon	tntrl	str-d49
3	EmonZ	tntrl	str-261
3	Esubhr	tntrl	str-227
2	Emon	tntrl27	str-287
1	EmonZ	tntrlcs	str-261
1	Emon	tntrlcs	str-d49
1	Esubhr	tntrlcs	str-227
1	AERmon	tntrs	str-d49
3	EmonZ	tntrs	str-261
3	Esubhr	tntrs	str-227
2	Emon	tntrs27	str-287
1	EmonZ	tntrscs	str-261
1	Emon	tntrscs	str-d49
1	Esubhr	tntrscs	str-227
1	EmonZ	tntscp	str-261
1	Emon	tntscp	str-d49
1	Esubhr	tntscp	str-227
1	CFsubhr	tntscpbl	str-227
1	CFmon	tntscpbl	str-d49
1	Omon	tob	str-a098
2	IfxGre	topg	str-b109
2	IfxAnt	topg	str-b226
2	IyrGre	topg	str-b136
2	IyrAnt	topg	str-b159
1	Odec	tos	str-a098
1	Omon	tos	str-a098
1	Oday	tos	str-a098
1	3hr	tos	str-a062
1	Odec	tosga	str-135
1	Omon	tosga	str-135
1	Omon	tossq	str-a098
1	Oday	tossq	str-a098
1	AERday	toz	str-013
1	AERmon	toz	str-013
1	LImon	tpf	str-041
3	Eday	tpf	str-041
1	Eday	tr	str-041
1	Lmon	tran	str-041
1	Eday	tran	str-041
1	Lmon	treeFrac	str-h022
1	Eyr	treeFrac	str-h022
1	Emon	treeFracBdlDcd	str-h043
1	Emon	treeFracBdlEvg	str-h060
1	Emon	treeFracNdlDcd	str-h071
1	Emon	treeFracNdlEvg	str-z104
1	Lmon	treeFracPrimDec	str-h035
1	Lmon	treeFracPrimEver	str-h027
1	Lmon	treeFracSecDec	str-h037
1	Lmon	treeFracSecEver	str-h020
1	AERmon	tropoz	str-013
1	CF3hr	ts	str-d11
1	CFsubhr	ts	str-d09
1	Eday	ts	str-013
3	6hrPlevPt	ts	str-d11
1	Amon	ts	str-013
1	ImonGre	ts	str-b136
1	ImonAnt	ts	str-b159
1	LImon	tsIs	str-b107
1	6hrPlevPt	tsl	str-183
1	Lmon	tsl	str-385
2	Eday	tsl	str-385
1	Eday	tsland	str-041
1	day	tslsi	str-z111
1	3hr	tslsi	str-z112
1	Emon	tslsiLut	str-b436
1	LImon	tsn	str-a014
1	Eday	tsn	str-a014
1	ImonGre	tsn	str-b136
1	ImonAnt	tsn	str-b159
1	LImon	tsnIs	str-b107
1	Eday	tsns	str-041
2	Emon	tSoilPools	str-h641
1	AERmon	ttop	str-013
2	Emon	twap	str-d49
2	Emon	u2	str-d49
1	AERmon	ua	str-d49
1	EdayZ	ua	str-261
1	Eday	ua	str-a023
1	6hrPlevPt	ua	str-268
3	E1hr	ua	str-268
3	Esubhr	ua	str-018
1	CFsubhr	ua	str-227
1	6hrLev	ua	str-a046
1	Amon	ua	str-a023
1	CFday	ua	str-d49
1	day	ua	str-210
1	Emon	ua	str-b311
1	AERmonZ	ua	str-261
1	AERday	ua10	str-d50
1	6hrPlev	ua100m	str-h053
2	Emon	ua27	str-287
3	E1hr	ua27	str-296
1	6hrPlevPt	ua7h	str-311
2	E3hrPt	ua7h	str-311
1	E3hr	uas	str-d78
1	CFsubhr	uas	str-d33
1	6hrPlev	uas	str-d78
1	6hrPlevPt	uas	str-072
1	3hr	uas	str-072
1	Amon	uas	str-d78
1	day	uas	str-d78
1	Ofx	ugrid	str-x100
1	Omon	umo	str-a071
1	Odec	uo	str-a071
1	Omon	uo	str-a071
1	Emon	uqint	str-013
2	Emon	ut	str-d49
1	EdayZ	utendepfd	str-261
1	EmonZ	utendepfd	str-261
1	Emon	utendnogw	str-a023
2	EmonZ	utendnogw	str-261
1	EdayZ	utendnogw	str-261
3	E1hr	utendnogw27	str-296
1	Emon	utendogw	str-a023
1	EdayZ	utendogw	str-261
1	EdayZ	utendvtem	str-261
1	EdayZ	utendwtem	str-261
2	Emon	uv	str-d49
2	Emon	uwap	str-d49
2	Emon	v2	str-d49
1	AERmon	va	str-d49
1	EdayZ	va	str-b233
1	Eday	va	str-a023
1	6hrPlevPt	va	str-268
3	E1hr	va	str-268
3	Esubhr	va	str-018
1	CFsubhr	va	str-227
1	6hrLev	va	str-a046
1	Amon	va	str-a023
1	CFday	va	str-d49
1	day	va	str-210
1	Emon	va	str-b311
1	AERmonZ	va	str-261
1	6hrPlev	va100m	str-h053
2	Emon	va27	str-287
3	E1hr	va27	str-296
1	6hrPlevPt	va7h	str-311
2	E3hrPt	va7h	str-311
1	E3hr	vas	str-d78
1	CFsubhr	vas	str-d33
1	6hrPlevPt	vas	str-072
1	6hrPlev	vas	str-d78
1	Amon	vas	str-d78
1	day	vas	str-d78
1	3hr	vas	str-072
1	Emon	vegFrac	str-h030
1	Eyr	vegFrac	str-h030
1	Emon	vegHeight	str-h388
2	Efx	vegHeight	str-d44
2	Emon	vegHeightCrop	str-h042
2	Emon	vegHeightGrass	str-h046
2	Emon	vegHeightPasture	str-041
2	Emon	vegHeightShrub	str-h044
2	Emon	vegHeightTree	str-h064
1	Omon	vmo	str-a071
1	EmonZ	vmrox	str-261
1	Odec	vo	str-a071
1	Omon	vo	str-a071
1	Odec	volcello	str-157
1	Ofx	volcello	str-d12
1	Omon	volcello	str-157
3	Oyr	volcello	str-157
1	Odec	volo	str-032
1	Omon	volo	str-032
1	6hrPlevPt	vortmean	str-d77
1	Emon	vqint	str-013
1	Omon	vsf	str-a098
1	Omon	vsfcorr	str-a098
1	Omon	vsfevap	str-a098
1	Omon	vsfpr	str-a098
1	Omon	vsfriver	str-a098
2	Omon	vsfsit	str-a098
2	Emon	vt	str-d49
1	AERmonZ	vt100	str-d17
1	EdayZ	vtem	str-261
1	EmonZ	vtem	str-261
2	EmonZ	vtendnogw	str-261
2	Emon	vtendnogw	str-a023
3	E1hr	vtendnogw27	str-296
2	Emon	vtendogw	str-a023
2	Emon	vwap	str-d49
1	AERmon	wa	str-d49
1	Eday	wap	str-a023
3	E1hr	wap	str-268
3	Esubhr	wap	str-018
1	CFsubhr	wap	str-227
2	Emon	wap	str-d49
1	Amon	wap	str-a023
1	CFday	wap	str-d49
1	day	wap	str-210
2	Emon	wap2	str-d49
3	E1hr	wap27	str-296
1	6hrPlev	wap4	str-b120
1	CFday	wap500	str-181
2	E3hrPt	wap7h	str-311
1	6hrPlevPt	wbptemp7h	str-311
1	AERmon	wetbc	str-013
1	AERmon	wetdust	str-013
2	Emon	wetlandCH4	str-041
2	Emon	wetlandCH4cons	str-041
2	Emon	wetlandCH4prod	str-041
1	Emon	wetlandFrac	str-z110
1	AERmon	wetnh3	str-013
1	AERmon	wetnh4	str-013
1	AERmon	wetnoy	str-013
1	AERmon	wetoa	str-013
1	AERmon	wetso2	str-013
1	AERmon	wetso4	str-013
1	AERmon	wetss	str-013
1	Omon	wfcorr	str-a098
1	Odec	wfo	str-a098
1	Omon	wfo	str-a098
1	Omon	wfonocorr	str-a098
1	Efx	wilt	str-b290
1	Omon	wmo	str-157
1	Omon	wo	str-a071
1	Odec	wo	str-a071
1	6hrPlev	wsgmax100m	str-h057
1	6hrPlev	wsgmax10m	str-049
2	Emon	wtd	str-b401
1	Eday	wtd	str-b401
1	EdayZ	wtem	str-261
1	EmonZ	wtem	str-261
2	Emon	xgwdparam	str-d49
2	EmonZ	xgwdparam	str-261
2	IyrGre	xvelbase	str-b136
2	IyrAnt	xvelbase	str-b159
3	IyrGre	xvelmean	str-b136
3	IyrAnt	xvelmean	str-b159
2	IyrGre	xvelsurf	str-b136
2	IyrAnt	xvelsurf	str-b159
2	Emon	ygwdparam	str-d49
2	EmonZ	ygwdparam	str-261
2	IyrGre	yvelbase	str-b136
2	IyrAnt	yvelbase	str-b159
3	IyrGre	yvelmean	str-b136
3	IyrAnt	yvelmean	str-b159
2	IyrGre	yvelsurf	str-b136
2	IyrAnt	yvelsurf	str-b159
1	fx	zfull	str-x269
2	CF3hr	zfull	str-018
1	Oclim	zfullo	str-a072
1	Omon	zfullo	str-157
1	Eyr	zfullo	str-157
1	AERmon	zg	str-d49
1	Eday	zg	str-a023
1	EdayZ	zg	str-b233
1	CFsubhr	zg	str-227
1	Amon	zg	str-a023
1	CFday	zg	str-d49
1	day	zg	str-210
1	AERmonZ	zg	str-261
1	AERday	zg10	str-d50
1	AERday	zg100	str-d53
1	AERday	zg1000	str-345
2	6hrPlev	zg1000	str-345
2	Emon	zg27	str-287
1	6hrPlevPt	zg27	str-296
3	E1hr	zg27	str-296
1	AERday	zg500	str-181
1	6hrPlevPt	zg500	str-d37
1	6hrPlevPt	zg7h	str-311
2	CF3hr	zhalf	str-010
1	Oclim	zhalfo	str-x072
1	Omon	zhalfo	str-x157
1	Oyr	zmeso	str-157
2	Omon	zmeso	str-157
2	Omon	zmesoos	str-a098
1	Omon	zmicro	str-157
1	Oyr	zmicro	str-157
2	Omon	zmicroos	str-a098
2	Omon	zmisc	str-157
1	Oyr	zmisc	str-157
2	Omon	zmiscos	str-a098
1	Eday	zmla	str-013
1	E6hrZ	zmlwaero	str-b128
1	E6hrZ	zmswaero	str-b128
1	EmonZ	zmtnt	str-261
1	Omon	zo2min	str-a098
1	Oyr	zooc	str-157
1	Omon	zooc	str-157
2	Omon	zoocos	str-a098
1	Omon	zos	str-a098
1	Omon	zossq	str-a098
1	Omon	zostoga	str-135
1	Omon	zsatarag	str-a098
1	Omon	zsatcalc	str-a098
1	AERmon	ztp	str-013
3	IyrGre	zvelbase	str-b136
3	IyrAnt	zvelbase	str-b159
3	IyrGre	zvelsurf	str-b136
3	IyrAnt	zvelsurf	str-b159
